가로수길명,가로수길시작위도,가로수길시작경도,가로수길종료위도,가로수길종료경도,가로수종류,가로수수량,가로수길길이,식재연도,가로수길소개,도로명,도로종류,도로구간,관리기관전화번호,관리기관명,데이터기준일자
여의대로 벚꽃길,37.5260,126.9245,37.5265,126.9270,벚나무,120,850,2005,봄철 벚꽃 명소,여의대로,특별시도,여의도동 여의대로 일대,02-2670-3000,영등포구청,2025-12-31
여의서로 벚꽃길,37.5215,126.9265,37.5230,126.9290,벚나무,95,620,2008,,여의서로,특별시도,여의도동 여의서로 일대,02-2670-3000,영등포구청,2025-12-31
국회대로 느티나무길,37.5290,126.9140,37.5295,126.9165,느티나무,80,450,2010,국회 인근 가로수,국회대로,특별시도,여의도동 국회대로,02-2670-3000,영등포구청,2025-12-31
당산로 느티나무길,37.5330,126.9020,37.5335,126.9055,느티나무,65,380,2012,,당산로,특별시도,당산동 당산로,02-2670-3000,영등포구청,2025-12-31
영등포로 은행나무길,37.5175,126.9065,37.5180,126.9090,은행나무,60,320,2003,가을 단풍 명소,영등포로,특별시도,영등포동 영등포로,02-2670-3000,영등포구청,2025-12-31
도림로 은행나무길,37.5135,126.8975,37.5140,126.9000,은행나무,45,280,2007,,도림로,특별시도,도림동 도림로,02-2670-3000,영등포구청,2025-12-31
양평로 이팝나무길,37.5340,126.8960,37.5345,126.8990,이팝나무,40,250,2015,,양평로,특별시도,양평동 양평로,02-2670-3000,영등포구청,2025-12-31
경인로 플라타너스길,37.5160,126.8895,37.5165,126.8925,플라타너스,70,400,2000,오래된 가로수,경인로,특별시도,영등포동 경인로,02-2670-3000,영등포구청,2025-12-31
선유로 벚꽃길,,,37.5310,126.8930,벚나무,30,200,2018,,선유로,특별시도,양평동 선유로,02-2670-3000,영등포구청,2025-12-31
대방천로 벚꽃길,37.5085,126.9190,37.5090,126.9215,벚나무,,180,2020,,대방천로,특별시도,대림동 대방천로,02-2670-3000,영등포구청,2025-12-31
문래로 느티나무길,37.5145,126.8940,37.5150,126.8965,느티나무,"1,200",950,2001,,문래로,특별시도,문래동 문래로,02-2670-3000,영등포구청,2025-12-31
선유서로 회화나무길,37.5325,126.8905,37.5330,126.8935,회화나무,35,220,2016,,선유서로,특별시도,양평동 선유서로,02-2670-3000,영등포구청,2025-12-31
